FirstName,LastName,Cin,DriverLicense,Email,Phone,Address
Marjorie,Anstice,B48-3054W,87-7341625,manstice0@hc360.com,+212 522-013649,"Těšany, 0 Loftsgordon Drive"
Lillian,Morgan,R10-5168A,40-0669050,lmorgan1@youtu.be,+212 594-020278,"Quanshang, 02850 Dunning Circle"
Maryjo,Peploe,R89-8914M,76-6191026,mpeploe2@fc2.com,+212 577-201850,"Quanshang, 5 Grayhawk Circle"
Krystle,Karpychev,P15-1344T,48-6255012,kkarpychev3@mapy.cz,+212 689-076542,"Montalvão, 7 Oriole Hill"
Chaim,Storkes,H74-1648Z,23-4562603,cstorkes4@state.tx.us,+212 578-353077,"Bethal, 4916 Caliangt Alley"
Stearn,Ruddlesden,I22-4075L,57-6290981,sruddlesden5@usa.gov,+212 635-694748,"Fanhu, 0430 Starling Lane"
Royall,Piniur,S54-5368F,68-8077322,rpiniur6@wikia.com,+212 564-653538,"Mayma, 48051 Clove Point"
Alethea,Ivankov,V66-7921Y,76-1364047,aivankov7@chronoengine.com,+212 577-483726,"Miskolc, 34373 Cardinal Road"
Sonya,Reynard,P39-8765T,50-9346248,sreynard8@elpais.com,+212 676-125596,"Koper, 541 Cambridge Parkway"
Abbie,Lynthal,V95-0003Y,34-1583965,alynthal9@g.co,+212 579-678842,"Olesno, 6770 Northfield Lane"
Torie,Cubbin,Z14-8013K,91-9910887,tcubbina@lycos.com,+212 654-924608,"Moog, 894 Di Loreto Place"
Angelica,Polsin,A67-5955C,72-1951002,apolsinb@cmu.edu,+212 542-240355,"Viloco, 88117 Eagle Crest Plaza"
Inez,Hembling,V89-7760F,70-1193134,ihemblingc@spotify.com,+212 603-784307,"Bundibugyo, 99573 Portage Park"
Luther,Prichet,Z33-7357H,39-0646814,lprichetd@flickr.com,+212 566-107820,"Luozhou, 18 Maryland Trail"
Aylmar,Loffel,N68-1890B,16-8694756,aloffele@indiatimes.com,+212 509-063711,"Kizlyar, 840 Forest Run Way"
Leigha,Gumby,U58-6490K,60-6217203,lgumbyf@g.co,+212 506-757279,"Zwierzyń, 92503 American Ash Alley"
Gwynne,Bottelstone,C70-0443Y,66-4142640,gbottelstoneg@examiner.com,+212 511-518648,"Sangiyn Dalay, 74292 Birchwood Circle"
Aurthur,Braidon,J75-3646O,08-2805207,abraidonh@sbwire.com,+212 555-233459,"Ubrub, 5811 Bartelt Pass"
Cindie,Merlin,A16-2924R,23-5542280,cmerlini@mashable.com,+212 578-904292,"Chelles, 5939 Beilfuss Junction"
Amandi,Rennenbach,I68-4237C,14-0797860,arennenbachj@webnode.com,+212 585-872941,"Roches Noire, 487 Warner Alley"
Angeline,Berens,U60-2837H,23-0410590,aberensk@printfriendly.com,+212 522-529657,"Kadupayung, 7 Debra Circle"
Kylila,Ashment,V80-1025D,66-5561682,kashmentl@ucsd.edu,+212 661-988681,"Cové, 45718 Barnett Drive"
Kalinda,Jennens,U17-2478T,29-5781008,kjennensm@wisc.edu,+212 548-726642,"Damatou, 874 Summer Ridge Avenue"
Gertrude,Khoter,E99-5058H,56-0369301,gkhotern@forbes.com,+212 559-323304,"Feira de Santana, 307 Anderson Road"
Ardelis,Swanwick,K38-6935G,88-3698906,aswanwicko@blinklist.com,+212 602-439881,"Tanjung Timur, 8 Pierstorff Circle"
Phyllis,Arnhold,Z53-1472I,84-6397137,parnholdp@google.com.br,+212 655-123788,"Siaton, 81 Meadow Ridge Point"
Camey,Vedenichev,B41-1792O,62-1236820,cvedenichevq@naver.com,+212 549-166706,"Binangun, 95 Nevada Crossing"
Dalli,De Roeck,I70-6170W,59-1119917,dderoeckr@zimbio.com,+212 503-072905,"Fuwayriţ, 4255 Autumn Leaf Center"
Lorry,Funnell,L14-6627A,09-4675091,lfunnells@wsj.com,+212 531-160639,"Sindangbarang, 5 Declaration Pass"
Ryon,Pellamonuten,G46-2944S,71-8985443,rpellamonutent@bloomberg.com,+212 532-060646,"Opechenskiy Posad, 1 Daystar Lane"
Larisa,Blackborne,H36-3699M,27-2731093,lblackborneu@who.int,+212 649-873691,"Ngurore, 927 Rutledge Place"
Aline,Banstead,U91-9814K,20-8787348,abansteadv@webnode.com,+212 511-846445,"Capulaan, 0808 Londonderry Court"
Randi,Gadesby,X06-8061Y,37-1170142,rgadesbyw@irs.gov,+212 627-162993,"Kawanishi, 921 Bartillon Hill"
Charlton,McCawley,S69-4870T,09-6043718,cmccawleyx@youtu.be,+212 562-692287,"Brody, 0883 Haas Alley"
Mariellen,Rubinowicz,J37-5871H,10-3918414,mrubinowiczy@de.vu,+212 601-324267,"Froly, 0094 Lunder Terrace"
Roy,Willcott,N96-1198P,11-2623000,rwillcottz@goo.ne.jp,+212 571-490640,"Aoji-ri, 8 Towne Plaza"
Mignon,Britto,Y72-0816W,97-3638191,mbritto10@barnesandnoble.com,+212 636-429841,"Söderköping, 33674 Sutherland Center"
Felicio,Flanne,D67-3998U,88-9196616,fflanne11@epa.gov,+212 668-292365,"Kronshtadt, 83 Schiller Drive"
Alisun,Tebbit,B42-1469R,47-9062959,atebbit12@artisteer.com,+212 526-751987,"Rušanj, 6 Laurel Park"
Alfie,Suggey,U62-9542D,51-3247755,asuggey13@twitpic.com,+212 551-990521,"Cieurih Satu, 22252 Blackbird Place"
Othelia,Kimmons,Z13-3125A,86-1040920,okimmons14@npr.org,+212 669-747646,"Arboleda, 8 Goodland Place"
Valenka,Lundie,Q13-5595D,91-5097783,vlundie15@marriott.com,+212 533-212493,"Manisi, 3799 Dennis Way"
Hubey,Skones,H76-8886R,71-1509608,hskones16@over-blog.com,+212 608-664446,"Bhalil, 781 American Alley"
Bay,Cambling,O86-3777W,82-4027823,bcambling17@wp.com,+212 691-482140,"Inhambane, 0 Armistice Lane"
Magdaia,Jefferson,V52-3633D,94-6288712,mjefferson18@theguardian.com,+212 582-859656,"Samanggen, 05 Warner Avenue"
Andromache,Beininck,K98-2056H,36-6378939,abeininck19@geocities.com,+212 598-377428,"Kedungwaru, 4 Rusk Road"
Sayer,Kermannes,U41-9070D,88-9335345,skermannes1a@google.ca,+212 503-975714,"Mogi Guaçu, 800 Haas Lane"
Flem,Leven,E07-9292J,85-8481469,fleven1b@hhs.gov,+212 561-899981,"Stockholm, 39 Derek Terrace"
Felicia,Dando,E92-1613Z,56-1872599,fdando1c@bbc.co.uk,+212 643-185480,"Harian, 7113 Roth Center"
Coraline,Vassel,C46-9375D,73-7952250,cvassel1d@marketwatch.com,+212 570-341400,"Nema, 2561 Randy Center"
Kyle,Kuhl,H98-1794S,45-5508018,kkuhl1e@taobao.com,+212 554-181135,"Korenovsk, 56 Gerald Center"
Vanni,Scanderet,L31-0285F,89-9930788,vscanderet1f@ftc.gov,+212 571-326283,"Cáchira, 6 Upham Way"
Laryssa,Crewes,M73-8015E,88-0269181,lcrewes1g@boston.com,+212 612-773774,"San Teodoro, 119 Melvin Plaza"
Ulrica,Cuddihy,R74-2779D,45-8781405,ucuddihy1h@aboutads.info,+212 593-109323,"Gaoyao, 636 Oak Center"
Gillan,Hodgets,O07-3314B,21-0974105,ghodgets1i@surveymonkey.com,+212 546-404591,"Sātkania, 216 Heath Circle"
Onida,Salatino,V17-0875M,96-2492510,osalatino1j@t-online.de,+212 536-446166,"Horokhiv, 801 Debra Court"
Rachel,Toohey,R91-5410V,44-6308645,rtoohey1k@goo.ne.jp,+212 698-736899,"La Paz Centro, 4436 Kropf Terrace"
Annnora,Orringe,Y15-3619J,25-5073824,aorringe1l@usda.gov,+212 663-781680,"Shushenskoye, 52 Havey Parkway"
Aurelea,Bolter,V40-7238W,23-8376232,abolter1m@163.com,+212 595-154203,"Gelan, 3 Eastwood Street"
Tommy,Merrien,C81-4384N,88-0822977,tmerrien1n@ustream.tv,+212 601-833399,"Guayaybi, 3281 Carioca Hill"
King,Andres,A13-4241W,17-8983080,kandres1o@narod.ru,+212 633-955204,"Châteaudun, 241 Warrior Lane"
Miguelita,Henaughan,D38-2918X,09-4794741,mhenaughan1p@cocolog-nifty.com,+212 523-370987,"Grand Rapids, 40707 Scott Crossing"
Hortense,Pavie,A03-9617F,95-6411951,hpavie1q@opera.com,+212 697-674812,"Villa Nueva, 66 Vidon Center"
Barton,Gabbott,V17-5837L,85-3266805,bgabbott1r@shareasale.com,+212 583-000828,"Zama, 5 Stang Terrace"
Bianka,Webber,A20-8314W,28-0992747,bwebber1s@so-net.ne.jp,+212 675-586459,"Hongshan, 873 Birchwood Junction"
Ange,Lindermann,L16-7154M,10-0613805,alindermann1t@miitbeian.gov.cn,+212 662-059518,"Gandra, 310 Derek Lane"
Gene,Cowderay,E61-4568U,76-6802663,gcowderay1u@shareasale.com,+212 550-677986,"Piraju, 866 Maryland Point"
Jyoti,Moakes,X71-6733T,59-0465311,jmoakes1v@huffingtonpost.com,+212 557-891012,"Sumberpitu, 3098 Farwell Place"
El,Farmloe,O11-9088N,81-4288940,efarmloe1w@wix.com,+212 616-495527,"Yanhong, 58426 Miller Alley"
Lorna,Le Gall,X09-5381V,41-7310821,llegall1x@ucoz.ru,+212 574-932711,"Kítsi, 434 Burrows Pass"
Merralee,Kupke,Y94-3910G,64-0948452,mkupke1y@latimes.com,+212 645-284807,"Huangcaotuo, 46 Westerfield Alley"
Delores,Gallichiccio,O84-0530V,72-7115065,dgallichiccio1z@discovery.com,+212 559-059684,"Imbang, 6 Grim Junction"
Piotr,Downgate,G48-0295L,41-9004720,pdowngate20@purevolume.com,+212 506-250233,"Tadrart, 80 Ryan Court"
Dougy,Haysman,A26-6623M,79-7209667,dhaysman21@samsung.com,+212 554-058470,"Oshnavīyeh, 5 Union Point"
Dorian,Cochrane,L45-9727M,02-5677608,dcochrane22@google.fr,+212 528-061115,"Songhe, 255 Sundown Court"
Warde,Songer,X05-6693N,08-7026699,wsonger23@google.de,+212 690-006399,"Vyshniy Volochëk, 92 Summit Court"
Paulo,Maybury,U04-0813S,67-6462766,pmaybury24@ezinearticles.com,+212 619-556909,"Wierzchosławice, 36958 Canary Avenue"
Robinet,Mixon,K76-9798M,98-7519555,rmixon25@icio.us,+212 564-422784,"Koropí, 94 Washington Circle"
My,Cooling,V91-2579H,39-9737274,mcooling26@dot.gov,+212 604-492547,"Hénin-Beaumont, 410 Florence Circle"
Sophey,Rydzynski,D51-6068O,74-0120655,srydzynski27@virginia.edu,+212 559-771171,"Ocampo, 912 Oak Terrace"
Orson,Canedo,H27-9480K,35-3616124,ocanedo28@wikipedia.org,+212 619-448287,"Zhayang, 57 Brentwood Street"
Myrtie,Greenhalgh,D49-4793L,77-2663205,mgreenhalgh29@wix.com,+212 511-305727,"Blagnac, 38 Farmco Point"
Kimberly,Skeen,H89-7938C,62-3367540,kskeen2a@soundcloud.com,+212 529-032354,"Cariamanga, 73 Eastwood Junction"
Isidro,Blakeney,C58-1630N,10-0792119,iblakeney2b@businessinsider.com,+212 618-609846,"Zhoupi, 68 Sommers Park"
Ranna,Newlove,M74-5896S,67-2064796,rnewlove2c@arizona.edu,+212 658-308157,"Łapsze Niżne, 75 Sachs Drive"
Marabel,Blachford,B71-1817O,86-8738915,mblachford2d@nydailynews.com,+212 682-827590,"Gąbin, 34 Hoffman Avenue"
Rodina,Hosburn,W10-0520T,37-4974305,rhosburn2e@alexa.com,+212 514-963894,"Huanshi, 4 Nancy Place"
Bearnard,Muselli,F21-8667G,68-0504003,bmuselli2f@wikimedia.org,+212 520-085656,"Nnewi, 62432 Old Gate Drive"
Shirlee,Peacher,E77-2428D,17-3871970,speacher2g@twitter.com,+212 582-457686,"Paty do Alferes, 676 Vernon Parkway"
Cordula,Greensmith,G09-5581E,46-8735541,cgreensmith2h@globo.com,+212 592-674086,"Pinheiro Machado, 93 Oriole Drive"
Kristofor,Hanscom,A44-3645A,75-2783270,khanscom2i@gov.uk,+212 645-661411,"Rio Negro, 0 Kipling Court"
Zahara,Gannicleff,H15-3347O,13-4065111,zgannicleff2j@yandex.ru,+212 660-170228,"Kao Liao, 856 Thackeray Court"
Brandon,Coils,J05-8139R,27-6929871,bcoils2k@blog.com,+212 625-305855,"Bukhovo, 03 Gina Lane"
Benjamin,Addyman,G06-0773I,71-4314207,baddyman2l@wikimedia.org,+212 560-062682,"Kosmach, 5235 Leroy Trail"
Amelia,Mather,W85-8354Z,77-5948107,amather2m@cornell.edu,+212 583-778453,"Teplice, 9680 Grayhawk Center"
Sigrid,Aitchison,P97-1255M,13-5893544,saitchison2n@xing.com,+212 692-275725,"Xiamao, 85350 Dakota Road"
Lissi,Olphert,L68-6398D,94-6018559,lolphert2o@spiegel.de,+212 554-275005,"Narva, 23253 Sugar Pass"
Gherardo,Bartunek,K02-7116Q,23-5747167,gbartunek2p@blogtalkradio.com,+212 618-465176,"El Bauga, 36 Eliot Alley"

